project_type,budget,planned_duration_days,worker_count,task_count,location_type,has_subcontractors,overrun_pct,final_cost,state,psc_code,data_source
1,1936534993.61,2565,500,260,0,1,0.0,1936534993.61,MI,Y1KA,USASpending.gov
2,1870679349.39,846,374,85,0,1,-0.7218,1857177427.39,AZ,Y1LB,USASpending.gov
1,1100727120.07,2587,366,260,0,1,0.0,1100727120.07,TX,Y1DA,USASpending.gov
2,962898274.94,630,192,67,0,1,0.0,962898274.94,AZ,Y1LB,USASpending.gov
1,779877216.22,2501,259,250,0,1,-1.2866,769843658.22,MO,Y1AA,USASpending.gov
1,767752737.03,1993,255,201,0,1,0.0,767752737.03,FL,Y1KA,USASpending.gov
1,727726763.2,2055,242,207,0,1,0.0,727726763.2,MD,Y1AA,USASpending.gov
1,1350091538.49,2029,450,206,0,1,-20.0,711062728.06,MD,Y1AA,USASpending.gov
1,698061227.99,1818,232,180,0,1,0.0,698061227.99,,Y1AA,USASpending.gov
1,685131614.13,3408,228,340,0,1,0.0,685131614.13,,Y1AA,USASpending.gov
1,626386701.0,1533,208,157,0,1,-1.0947,619529701.0,TX,Y1DA,USASpending.gov
1,616467976.41,2224,205,222,1,1,0.0,616467976.41,NE,Y1AA,USASpending.gov
1,614652572.45,2118,204,211,0,1,0.0,614652572.45,,Y1AA,USASpending.gov
1,548859111.59,957,182,97,0,1,0.0,548859111.59,CO,Y1AA,USASpending.gov
2,565330939.0,2783,113,279,1,1,-3.6011,544973075.6,DC,Y1JA,USASpending.gov
1,663187402.0,2634,221,263,0,1,-20.0,523319834.0,MD,Y1DA,USASpending.gov
2,450073674.0,2506,90,253,0,1,0.0,450073674.0,NY,Y1LB,USASpending.gov
1,442441114.45,2373,147,239,0,1,-0.0408,442260483.69,,Y1AA,USASpending.gov
1,407152291.0,1296,135,128,2,1,-0.1532,406528597.0,AL,Y1AA,USASpending.gov
1,405028868.38,2128,135,213,2,1,0.0,405028868.38,KY,Y1KA,USASpending.gov
1,376452420.97,2579,125,260,0,1,0.0,376452420.97,,Y1AA,USASpending.gov
1,365959470.37,2153,121,218,0,1,0.0,365959470.37,,Y1AA,USASpending.gov
1,345290949.0,1906,115,189,0,1,0.0,345290949.0,CA,Y1AA,USASpending.gov
1,337777831.58,2385,112,239,0,1,0.0,337777831.58,CA,Y1KA,USASpending.gov
2,326935352.43,1451,65,147,0,1,-0.0147,326887353.43,TX,Y1LB,USASpending.gov
1,327392296.61,1702,109,168,0,1,-0.1834,326791985.4,CA,Y1KB,USASpending.gov
1,321962568.0,1663,107,167,0,1,0.0,321962568.0,,Y1AA,USASpending.gov
1,319382955.0,2443,106,243,0,1,0.0,319382955.0,MO,Y1DA,USASpending.gov
2,316735461.08,2027,63,205,1,1,0.0,316735461.08,VA,Y1LB,USASpending.gov
1,307160344.67,1788,102,180,0,1,-0.0,307160338.67,,Y1AA,USASpending.gov
1,287649031.79,2032,95,204,0,1,-0.5992,285925393.79,MA,Y1DB,USASpending.gov
1,279663837.15,1923,93,190,1,1,-0.7609,277535837.15,KS,Y1KB,USASpending.gov
1,272869179.83,1648,90,162,0,1,0.0,272869179.83,CA,Y1DB,USASpending.gov
1,316432547.0,2367,105,236,0,1,-14.2457,271354541.0,NY,Y1DB,USASpending.gov
1,274302548.0,2021,91,202,0,1,-1.2658,270830548.0,MD,Y1DB,USASpending.gov
1,268215569.46,1773,89,181,0,1,0.0,268215569.46,,Y1AA,USASpending.gov
2,413297776.0,487,82,47,0,1,-20.0,261032494.0,AZ,Y1LB,USASpending.gov
2,290283521.67,1461,58,147,0,1,-10.3769,260161221.67,CA,Y1LB,USASpending.gov
1,241203860.4,1787,80,179,0,1,0.0,241203860.4,,Y1AA,USASpending.gov
2,238752888.06,1348,47,138,0,1,0.0,238752888.06,TX,Y1LB,USASpending.gov
1,236537391.12,791,78,82,0,1,0.0,236537391.12,,Y1AA,USASpending.gov
1,244089450.2,3362,81,339,0,1,-3.2145,236243158.2,CA,Y1DA,USASpending.gov
1,233375733.0,3366,77,340,0,1,-0.154,233016272.52,MD,Y1DA,USASpending.gov
2,232387238.65,498,46,52,2,1,0.0,232387238.65,NM,Y1LB,USASpending.gov
1,232027041.14,3380,77,338,0,1,0.0,232027041.14,,Y1AA,USASpending.gov
1,229683588.61,2409,76,241,0,1,0.0,229683588.61,,Y1AA,USASpending.gov
1,228140685.14,1799,76,183,0,1,-0.0577,228009133.02,,Y1AA,USASpending.gov
1,228824960.57,2261,76,227,0,1,-0.3671,227984960.57,FL,Y1KB,USASpending.gov
1,227007508.37,1487,75,146,0,1,0.0,227007508.37,,Y1AA,USASpending.gov
1,226047070.65,1289,75,128,0,1,-0.1948,225606734.52,CO,Y1DA,USASpending.gov
2,226125571.45,1235,45,125,1,1,-1.7586,222148961.45,MP,Y1NA,USASpending.gov
1,221114401.0,1909,73,190,0,1,0.0,221114401.0,GA,Y1AA,USASpending.gov
2,214934133.09,1293,42,133,2,1,0.0,214934133.09,AK,Y1LB,USASpending.gov
1,212588735.23,1397,70,141,0,1,0.0,212588735.23,FL,Y1AA,USASpending.gov
1,212547453.0,1208,70,118,0,1,0.0,212547453.0,TX,Y1DA,USASpending.gov
1,210833038.0,1743,70,178,0,1,0.0,210833038.0,CA,Y1DB,USASpending.gov
1,209025585.0,1357,69,134,0,1,-0.0,209025584.0,MD,Y1AA,USASpending.gov
1,205916462.35,1236,68,124,0,1,0.0,205916462.35,,Y1AA,USASpending.gov
2,201451160.83,2398,40,237,1,1,0.0,201451160.83,VA,Y1LB,USASpending.gov
1,198562205.0,1045,66,105,2,0,0.0,198562205.0,AL,Y1AA,USASpending.gov
1,195042326.31,2099,65,212,0,1,0.0,195042326.31,,Y1AA,USASpending.gov
1,191636225.0,1510,63,150,0,1,0.0,191636225.0,,Y1AA,USASpending.gov
1,187669691.03,2499,62,248,0,1,0.0,187669691.03,,Y1AA,USASpending.gov
1,185555771.62,1907,61,188,0,1,0.0,185555771.62,,Y1AA,USASpending.gov
1,348587197.51,2468,116,245,2,1,-20.0,182598153.19,AL,Y1AA,USASpending.gov
2,180191262.95,424,36,44,0,1,-1.6649,177191262.95,TX,Y1LB,USASpending.gov
1,177680609.4,2247,59,223,0,1,-0.6292,176562670.0,NY,Y1DB,USASpending.gov
1,174938781.24,2236,58,224,0,1,0.0,174938781.24,,Y1AA,USASpending.gov
1,174162502.4,2650,58,266,0,1,0.0,174162502.4,,Y1AA,USASpending.gov
2,175268932.5,1850,35,189,1,1,-1.2315,173110572.21,VA,Y1LB,USASpending.gov
1,174806169.0,1138,58,114,0,1,-1.0215,173020569.0,TX,Y1KB,USASpending.gov
1,171630572.0,1740,57,178,0,1,0.0,171630572.0,CA,Y1DA,USASpending.gov
1,172386736.08,965,57,97,0,1,-0.7151,171153928.08,TX,Y1KB,USASpending.gov
1,169880054.51,1847,56,186,0,1,0.0,169880054.51,PA,Y1AA,USASpending.gov
1,168201838.42,2191,56,223,0,1,0.0,168201838.42,,Y1AA,USASpending.gov
2,166488629.3,1432,33,143,0,1,0.0,166488629.3,TX,Y1LB,USASpending.gov
1,166231152.0,1163,55,119,0,1,0.0,166231152.0,,Y1AA,USASpending.gov
2,163654768.0,2015,32,199,0,1,0.0,163654768.0,TX,Y1LB,USASpending.gov
1,162638604.12,1705,54,171,0,1,0.0,162638604.12,,Y1AA,USASpending.gov
1,160607553.66,2662,53,265,0,1,-0.0,160607553.2,,Y1AA,USASpending.gov
1,159754653.83,1656,53,166,0,1,0.0,159754653.83,FL,Y1AA,USASpending.gov
1,158601435.89,2411,52,240,0,1,0.0,158601435.89,NY,Y1AA,USASpending.gov
1,157041071.0,1824,52,185,0,1,0.0,157041071.0,CA,Y1AA,USASpending.gov
1,156294097.52,2350,52,238,0,1,0.0,156294097.52,,Y1AA,USASpending.gov
1,156255266.12,1685,52,171,0,1,0.0,156255266.12,FL,Y1KA,USASpending.gov
1,155837221.5,2922,51,291,0,1,-0.0115,155819294.5,,Y1AA,USASpending.gov
1,155799837.65,2558,51,256,0,1,0.0,155799837.65,,Y1AA,USASpending.gov
1,155071022.29,1405,51,143,0,1,0.0,155071022.29,CA,Y1PD,USASpending.gov
1,154927040.0,2890,51,291,0,1,0.0,154927040.0,NY,Y1AA,USASpending.gov
1,162628003.0,1485,54,152,1,1,-4.894,154669003.0,VA,Y1AA,USASpending.gov
1,154578918.88,1191,51,118,1,1,0.0,154578918.88,VA,Y1AA,USASpending.gov
1,153358549.0,2052,51,204,0,1,0.0,153358549.0,TN,Y1AA,USASpending.gov
1,158563349.17,2146,52,215,0,1,-4.4733,151470288.17,CO,Y1DB,USASpending.gov
2,150875292.35,2008,30,199,0,1,0.0,150875292.35,TX,Y1LB,USASpending.gov
1,149565662.0,3226,49,321,0,1,0.0,149565662.0,GA,Y1DB,USASpending.gov
2,159907450.6,2860,31,289,1,1,-6.9191,148843265.83,DC,Z1AA,USASpending.gov
2,152194720.0,495,30,50,0,1,-2.914,147759720.0,CA,Y1LB,USASpending.gov
1,143481873.82,1976,47,200,0,1,0.0,143481873.82,NC,Y1AA,USASpending.gov
1,140586244.12,1249,46,128,0,1,-0.0,140586214.12,,Y1AA,USASpending.gov
1,139241286.0,831,46,87,1,1,0.0,139241286.0,VA,Y1AA,USASpending.gov
1,135735432.0,638,45,66,2,1,0.0,135735432.0,AL,Y1AA,USASpending.gov
1,135201167.34,2771,45,281,0,1,0.0,135201167.34,,Y1AA,USASpending.gov
1,163618799.86,1478,54,148,0,1,-17.446,135073799.86,MI,Y1KA,USASpending.gov
1,134513148.64,1097,44,107,0,1,0.0,134513148.64,,Y1AA,USASpending.gov
2,134210976.67,1954,26,198,1,1,0.0,134210976.67,VA,Y1LB,USASpending.gov
1,134207483.65,1684,44,170,0,1,0.0,134207483.65,,Y1AA,USASpending.gov
1,133709120.51,1786,44,180,1,1,0.0,133709120.51,UT,Y1AA,USASpending.gov
1,131753659.13,1899,43,188,0,1,0.0,131753659.13,TX,Y1AA,USASpending.gov
0,129139373.89,1536,86,157,0,1,-0.0,129139373.88,,Y1CA,USASpending.gov
1,131668599.29,1861,43,188,0,1,-3.036,127671099.29,TX,Y1KB,USASpending.gov
0,126987874.7,1413,84,140,0,1,-0.04,126937028.2,,Y1CA,USASpending.gov
1,126761052.08,1902,42,188,1,1,0.0,126761052.08,IA,Y1AA,USASpending.gov
1,126512105.0,1589,42,159,2,1,0.0,126512105.0,SD,Y1DA,USASpending.gov
2,126236579.06,1427,25,143,0,1,0.0,126236579.06,TX,Y1LB,USASpending.gov
1,125129830.04,2468,41,247,0,1,-0.2277,124844870.04,CA,Y1KA,USASpending.gov
1,124730915.04,2198,41,221,0,1,-0.4248,124201031.04,MD,Y1AA,USASpending.gov
2,124047561.4,1686,24,166,0,1,0.0,124047561.4,NC,Y1LB,USASpending.gov
1,123005190.64,1556,41,157,0,1,-0.001,123004012.64,,Y1AA,USASpending.gov
2,122766577.45,1940,24,198,1,1,0.0,122766577.45,VA,Y1LB,USASpending.gov
2,120228419.72,1406,24,142,2,1,0.0,120228419.72,WY,Y1LB,USASpending.gov
1,119182971.68,921,39,90,0,1,0.0,119182971.68,,Y1AA,USASpending.gov
2,119029701.11,3611,23,359,1,1,0.0,119029701.11,VA,Y1LB,USASpending.gov
1,117556153.43,1810,39,185,2,1,0.0,117556153.43,ND,Y1KA,USASpending.gov
1,116779209.0,1977,38,195,0,1,0.0,116779209.0,MO,Y1DA,USASpending.gov
1,114283886.67,2168,38,214,2,1,0.0,114283886.67,AL,Y1AA,USASpending.gov
1,112491905.0,1025,37,103,0,1,0.0,112491905.0,WA,Y1DB,USASpending.gov
1,111757142.39,627,37,66,0,1,0.0,111757142.39,TX,Y1KB,USASpending.gov
2,110709117.0,1289,22,128,0,1,0.0,110709117.0,MD,Y1JA,USASpending.gov
2,147646508.18,2010,29,201,0,1,-20.0,109631553.28,NC,Y1LB,USASpending.gov
1,145815855.01,2958,48,293,1,1,-20.0,106334249.41,PR,Y1DA,USASpending.gov
0,106288110.47,1014,70,101,0,1,0.0,106288110.47,,Y1CA,USASpending.gov
1,106082207.56,1428,35,142,0,1,0.0,106082207.56,TX,Y1DA,USASpending.gov
1,104802623.78,1521,34,150,1,1,0.0,104802623.78,VA,Y1AA,USASpending.gov
1,129793326.54,2920,43,292,1,1,-19.8404,104041755.54,DC,Y1AA,USASpending.gov
1,102759370.92,1460,34,148,0,1,0.0,102759370.92,FL,Y1KB,USASpending.gov
1,121122295.67,2445,40,243,0,1,-15.9664,101783435.16,,Y1AA,USASpending.gov
1,101523714.4,1655,33,169,0,1,0.0,101523714.4,TX,Y1AA,USASpending.gov
1,100897309.0,1657,33,164,0,1,0.0,100897309.0,TX,Y1AA,USASpending.gov
1,99630113.81,1452,33,143,0,1,0.0,99630113.81,,Y1AA,USASpending.gov
1,98846727.24,2047,32,205,0,1,0.0,98846727.24,OH,Y1AA,USASpending.gov
1,102717558.4,1619,34,165,0,1,-5.4454,97124138.32,TX,Y1KA,USASpending.gov
1,95091587.2,1512,31,149,2,1,0.0,95091587.2,AL,Y1AA,USASpending.gov
1,94247033.42,909,31,91,0,1,-0.4904,93784850.42,NJ,Y1KA,USASpending.gov
0,92187554.9,2510,61,250,0,1,0.0,92187554.9,,Y1CA,USASpending.gov
2,91601317.38,3105,20,308,0,1,0.0,91601317.38,,Z1AA,USASpending.gov
2,91040865.0,1846,20,188,0,1,0.0,91040865.0,NC,Y1LB,USASpending.gov
2,92713671.01,594,20,63,0,1,-2.1572,90713671.01,TX,Y1LB,USASpending.gov
1,90583070.31,1473,30,150,0,1,0.0,90583070.31,TX,Y1KB,USASpending.gov
1,90552491.0,1064,30,108,0,1,-0.0,90552490.2,,Y1AA,USASpending.gov
0,89832525.66,2931,59,293,0,1,-0.0,89832525.64,,Y1CA,USASpending.gov
2,89043565.16,2184,20,219,1,1,0.0,89043565.16,DC,Y1JA,USASpending.gov
1,88077944.0,1606,29,163,1,1,0.0,88077944.0,SC,Y1AA,USASpending.gov
0,87947597.67,1538,58,153,0,1,0.0,87947597.67,AZ,Y1CA,USASpending.gov
1,87881285.97,416,29,41,0,1,-0.2822,87633285.97,TX,Y1KB,USASpending.gov
1,86579263.41,975,28,95,0,1,0.0,86579263.41,MD,Y1AA,USASpending.gov
2,86286560.34,1214,20,121,0,1,-1.043,85386560.34,NY,Y1HA,USASpending.gov
2,90966940.32,553,20,57,0,1,-6.5485,85009940.32,CA,Y1LB,USASpending.gov
1,84140798.68,1576,28,161,0,1,0.0,84140798.68,CA,Y1AA,USASpending.gov
1,84016469.59,1471,28,150,0,1,0.0,84016469.59,PA,Y1AA,USASpending.gov
1,83376450.32,1331,27,133,0,1,0.0,83376450.32,HI,Y1DB,USASpending.gov
1,163449485.35,1863,54,184,0,1,-20.0,83268397.11,,Y1AA,USASpending.gov
1,83175853.15,1705,27,172,2,1,-0.1569,83045353.15,KY,Y1KA,USASpending.gov
2,85683866.82,2699,20,268,1,1,-3.3592,82805570.72,VA,Y1LB,USASpending.gov
2,86286179.81,966,20,100,0,1,-4.6165,82302739.81,CA,Y1LC,USASpending.gov
1,81661584.68,1344,27,138,1,1,0.0,81661584.68,PR,Y1AA,USASpending.gov
2,80695124.82,2274,20,230,1,1,0.0,80695124.82,PR,Y1LB,USASpending.gov
0,80338143.28,2007,53,204,0,1,0.0,80338143.28,,Y1CA,USASpending.gov
2,80270959.27,1473,20,147,0,1,0.0,80270959.27,CA,Y1LC,USASpending.gov
0,80155733.22,1616,53,159,2,1,0.0,80155733.22,NM,Y1CA,USASpending.gov
1,84389350.26,1789,28,182,0,1,-6.1332,79213550.26,FL,Y1KB,USASpending.gov
2,78435115.47,1543,20,158,1,1,0.0,78435115.47,GU,Y1NA,USASpending.gov
1,78408544.3,3062,26,305,0,1,0.0,78408544.3,,Y1AA,USASpending.gov
2,79082206.66,1919,20,190,0,1,-0.9528,78328695.63,MI,Z1AA,USASpending.gov
0,76843117.06,2025,51,203,0,1,0.0,76843117.06,,Y1CA,USASpending.gov
1,76383318.0,1892,25,191,0,1,0.0,76383318.0,CA,Y1DB,USASpending.gov
1,76054585.0,1234,25,123,1,1,0.0,76054585.0,DC,Y1AA,USASpending.gov
2,82133361.51,2556,20,259,1,1,-7.4527,76012194.54,VA,Z1AA,USASpending.gov
1,82970335.67,1244,27,128,0,1,-8.4687,75943822.0,TX,Y1DB,USASpending.gov
2,75875349.89,420,20,40,2,1,0.0,75875349.89,NM,Y1LB,USASpending.gov
0,74969204.29,3236,49,324,0,1,0.0,74969204.29,,Y1CA,USASpending.gov
2,74808237.0,1117,20,113,0,1,0.0,74808237.0,CO,Z1AA,USASpending.gov
2,73625050.0,963,20,97,0,1,0.0,73625050.0,CA,Y1LB,USASpending.gov
1,73452427.39,1269,24,129,1,1,0.0,73452427.39,VA,Y1AA,USASpending.gov
0,73001109.71,1742,48,176,0,1,0.0,73001109.71,AZ,Y1CA,USASpending.gov
1,72934672.06,1815,24,185,0,1,0.0,72934672.06,TX,Y1DB,USASpending.gov
1,1203582245.0,908,401,94,2,1,-20.0,72833350.0,AL,Y1AA,USASpending.gov
1,72727436.87,1638,24,165,0,1,-0.2517,72544393.88,FL,Y1KA,USASpending.gov
2,72055176.52,1978,20,201,0,1,-0.7381,71523341.52,CA,Y1LC,USASpending.gov
1,71189117.02,1428,23,142,0,1,0.0,71189117.02,TX,Y1KA,USASpending.gov
1,71103590.57,890,23,91,0,1,0.0,71103590.57,,Y1KA,USASpending.gov
1,70814216.14,1667,23,167,0,1,0.0,70814216.14,FL,Y1KA,USASpending.gov
1,70637339.0,992,23,101,2,1,0.0,70637339.0,NM,Y1AA,USASpending.gov
1,69598911.91,1920,23,196,0,1,0.0,69598911.91,,Y1DB,USASpending.gov
2,69129080.1,969,20,96,2,1,0.0,69129080.1,ND,Y1LB,USASpending.gov
2,68914237.0,990,20,99,2,1,0.0,68914237.0,AL,Y1JB,USASpending.gov
2,68738271.82,1564,20,159,0,1,0.0,68738271.82,CA,Y1NA,USASpending.gov
1,68263358.75,1825,22,183,0,1,0.0,68263358.75,HI,Y1AA,USASpending.gov
2,68149459.15,1208,20,119,0,1,0.0,68149459.15,MD,Z1AA,USASpending.gov
1,67495820.28,1726,22,171,1,1,0.0,67495820.28,MH,Y1DB,USASpending.gov
1,67395480.99,1631,22,165,1,1,0.0,67395480.99,GU,Y1DA,USASpending.gov
1,66829941.43,1206,22,123,2,1,0.0,66829941.43,SD,Y1KA,USASpending.gov
1,65946679.3,2241,21,222,2,1,-0.0823,65892429.3,KY,Y1DB,USASpending.gov
0,65536046.33,1928,43,194,0,1,0.0,65536046.33,,Y1CA,USASpending.gov
1,65366169.73,1209,21,123,0,1,0.0,65366169.73,MA,Y1DA,USASpending.gov
1,65294183.85,1022,21,103,0,1,0.0,65294183.85,,Y1AA,USASpending.gov
1,65119746.79,1600,21,161,0,1,0.0,65119746.79,MA,Y1DB,USASpending.gov
1,64765013.17,1535,21,154,0,1,0.0,64765013.17,MI,Y1AA,USASpending.gov
1,64434131.92,2288,21,229,2,1,0.0,64434131.92,ND,Y1KA,USASpending.gov
2,64333552.05,1790,20,180,1,1,0.0,64333552.05,VA,Y1LB,USASpending.gov
0,65084017.0,1514,43,154,0,1,-2.0927,63722017.0,NY,Y1CA,USASpending.gov
2,63483307.0,748,20,77,0,1,0.0,63483307.0,MD,Y1LB,USASpending.gov
2,63265395.09,1191,20,119,0,1,-0.0,63265395.08,,Y1NA,USASpending.gov
2,64903013.4,2291,20,228,0,1,-2.6763,63166013.4,CA,Y1LB,USASpending.gov
1,62888864.87,1103,20,114,0,1,0.0,62888864.87,CA,Y1DB,USASpending.gov
1,62719347.75,782,20,79,2,1,0.0,62719347.75,AL,Y1KB,USASpending.gov
1,62677870.17,1318,20,129,0,1,0.0,62677870.17,,Y1AA,USASpending.gov
0,62420485.81,1624,41,166,2,1,0.0,62420485.81,KY,Y1CA,USASpending.gov
2,62348582.85,533,20,56,0,1,0.0,62348582.85,GA,Z1AA,USASpending.gov
2,62215153.16,1242,20,122,1,1,0.0,62215153.16,VA,Y1LB,USASpending.gov
2,74509384.4,1657,20,163,2,1,-16.5885,62149395.17,MS,Y1LB,USASpending.gov
0,61723637.28,991,41,97,0,1,0.0,61723637.28,,Y1CA,USASpending.gov
1,62189627.0,1271,20,127,0,1,-0.8575,61656376.0,NY,Y1KA,USASpending.gov
1,61235519.48,1052,20,108,0,1,0.0,61235519.48,FL,Y1KB,USASpending.gov
1,63309242.49,1260,21,124,0,1,-3.864,60862982.49,FL,Y1DB,USASpending.gov
1,60706733.23,1456,20,146,0,1,0.0,60706733.23,PA,Y1AA,USASpending.gov
1,59960875.4,1675,19,169,0,1,0.0,59960875.4,,Y1PD,USASpending.gov
0,59754923.39,1459,39,143,0,1,0.0,59754923.39,TN,Y1CA,USASpending.gov
2,59744324.51,930,20,93,0,1,0.0,59744324.51,HI,Y1LB,USASpending.gov
2,58721309.35,1240,20,128,0,1,0.0,58721309.35,CA,Y1NA,USASpending.gov
1,58590140.0,1979,19,200,0,1,0.0,58590140.0,MO,Y1DB,USASpending.gov
2,58421876.45,1631,20,163,0,1,-0.2817,58257307.35,FL,Y1NB,USASpending.gov
2,80105906.57,1238,20,121,1,1,-20.0,58172609.15,OR,Y1LB,USASpending.gov
2,58886121.23,1600,20,163,1,1,-1.4829,58012903.23,SC,Y1NA,USASpending.gov
2,118613321.22,2740,23,276,1,1,-20.0,57945120.21,VA,Z1AA,USASpending.gov
1,57914484.82,1882,19,186,1,1,0.0,57914484.82,VA,Y1DA,USASpending.gov
1,57857919.0,1147,19,114,0,1,0.0,57857919.0,HI,Y1AA,USASpending.gov
1,57342125.87,2432,19,242,2,1,0.0,57342125.87,AK,Y1AA,USASpending.gov
1,57262001.92,1032,19,104,0,1,0.0,57262001.92,,Y1AA,USASpending.gov
1,56236581.01,1807,18,184,1,1,0.0,56236581.01,VA,Y1AA,USASpending.gov
1,65059318.02,2357,21,235,2,1,-13.7684,56101685.02,ME,Y1DB,USASpending.gov
1,55994835.81,3382,18,341,0,1,0.0,55994835.81,,Y1AA,USASpending.gov
1,57226719.06,1426,19,140,2,1,-2.5241,55782252.06,NM,Y1AA,USASpending.gov
1,55704414.42,3247,18,325,2,1,-0.2711,55553414.42,ND,Y1KA,USASpending.gov
2,56003096.47,1237,20,121,0,1,-0.8983,55500000.47,CA,Y1LC,USASpending.gov
1,55415916.8,1013,18,104,0,1,0.0,55415916.8,NY,Y1KA,USASpending.gov
1,55328989.8,1829,18,180,0,1,0.0,55328989.8,FL,Y1KA,USASpending.gov
1,54765965.47,1570,18,156,0,1,0.0,54765965.47,NC,Y1DB,USASpending.gov
2,58990292.0,828,20,83,1,1,-7.1639,54764292.0,VA,Y1LB,USASpending.gov
1,54418716.0,1092,18,110,0,1,0.0,54418716.0,MI,Y1DA,USASpending.gov
1,54409758.01,1597,18,162,0,1,0.0,54409758.01,NC,Y1AA,USASpending.gov
0,56938544.58,2815,37,285,1,1,-4.6021,54318201.58,VA,Y1CA,USASpending.gov
1,54146248.18,1214,18,120,1,1,0.0,54146248.18,SC,Y1AA,USASpending.gov
1,54116376.6,2527,18,252,2,1,0.0,54116376.6,WV,Y1AB,USASpending.gov
2,54705083.96,758,20,73,0,1,-1.4503,53911717.96,CA,Y1LC,USASpending.gov
1,54924000.0,891,18,91,2,1,-1.9445,53856000.0,NM,Y1AA,USASpending.gov
1,53843748.75,1386,17,136,0,1,-0.0088,53839018.75,FL,Y1DA,USASpending.gov
1,53214779.38,1711,17,169,0,1,0.0,53214779.38,NY,Y1KA,USASpending.gov
1,52885929.4,1408,17,140,0,1,0.0,52885929.4,CA,Y1DB,USASpending.gov
1,52873442.72,1752,17,173,0,1,0.0,52873442.72,MD,Y1DA,USASpending.gov
1,52835280.56,1935,17,192,0,1,0.0,52835280.56,,Y1AA,USASpending.gov
0,53799517.0,1073,35,106,0,1,-1.9127,52770517.0,TN,Y1CA,USASpending.gov
1,52725298.0,1180,17,119,1,1,0.0,52725298.0,VA,Y1AA,USASpending.gov
1,52620114.59,569,17,59,2,1,0.0,52620114.59,AL,Y1KB,USASpending.gov
1,52540275.83,1382,17,142,1,1,0.0,52540275.83,VA,Y1AA,USASpending.gov
1,52431703.44,1767,17,178,1,1,0.0,52431703.44,DC,Y1AA,USASpending.gov
1,52345319.88,1363,17,134,1,1,0.0,52345319.88,GU,Y1DA,USASpending.gov
1,52262115.0,1662,17,164,0,1,-0.627,51934414.0,CO,Y1AA,USASpending.gov
1,51708792.0,1261,17,126,0,1,0.0,51708792.0,TN,Y1DA,USASpending.gov
1,51696518.49,1206,17,123,0,1,-0.2657,51559155.83,FL,Y1KA,USASpending.gov
1,51613583.79,1850,17,184,1,1,-0.1147,51554393.0,OK,Y1AA,USASpending.gov
1,51550598.71,699,17,71,1,1,0.0,51550598.71,MN,Y1DA,USASpending.gov
1,51078291.64,1364,17,137,0,1,0.0,51078291.64,IL,Y1KA,USASpending.gov
2,51017923.0,1090,20,108,0,1,0.0,51017923.0,GA,Y1LB,USASpending.gov
1,50978960.0,913,16,94,0,1,0.0,50978960.0,,Y1AA,USASpending.gov
0,50878598.0,1529,33,156,0,1,0.0,50878598.0,NY,Y1CA,USASpending.gov
1,50812794.74,1020,16,103,1,1,0.0,50812794.74,VA,Y1AA,USASpending.gov
0,50682193.7,886,33,92,0,1,0.0,50682193.7,,Y1CA,USASpending.gov
1,50782315.51,1303,16,130,0,1,-0.4745,50541357.76,FL,Y1KA,USASpending.gov
2,50311599.77,976,20,97,1,1,0.0,50311599.77,LA,Y1LB,USASpending.gov
1,50309917.32,2771,16,275,0,1,0.0,50309917.32,FL,Y1KA,USASpending.gov
1,50286710.23,1704,16,174,0,1,-0.0,50286709.23,FL,Y1KA,USASpending.gov
0,49871630.28,917,33,94,1,1,0.0,49871630.28,PR,Y1CA,USASpending.gov
0,55441302.0,2011,36,203,0,1,-10.1616,49807601.0,NC,Y1CA,USASpending.gov
1,49565847.26,1974,16,198,2,1,0.0,49565847.26,ID,Y1PD,USASpending.gov
0,49348718.79,1119,32,110,0,1,0.0,49348718.79,,Y1CA,USASpending.gov
1,49293483.27,2024,16,205,0,1,0.0,49293483.27,TN,Y1KA,USASpending.gov
2,49093804.79,1263,20,129,1,1,0.0,49093804.79,GU,Y1LB,USASpending.gov
2,49024934.0,1201,20,120,0,1,0.0,49024934.0,TX,Z1AA,USASpending.gov
2,48587907.19,1966,20,200,1,1,0.0,48587907.19,VI,Y1LB,USASpending.gov
1,48893481.0,1036,16,101,1,1,-1.2681,48273481.0,VA,Y1AA,USASpending.gov
2,48018601.0,1122,20,110,0,1,0.0,48018601.0,NY,Y1LB,USASpending.gov
2,47948447.03,1694,20,170,1,1,0.0,47948447.03,VA,Y1JB,USASpending.gov
2,82203266.28,1825,20,182,0,1,-20.0,47893438.54,OH,Z1AA,USASpending.gov
2,48011876.55,1295,20,132,0,1,-1.2387,47417176.55,MD,Y1NA,USASpending.gov
1,47170943.0,1703,15,172,0,1,0.0,47170943.0,GA,Y1DA,USASpending.gov
1,47150887.49,779,15,77,2,1,0.0,47150887.49,AL,Y1DB,USASpending.gov
0,47120804.25,1593,31,160,2,1,0.0,47120804.25,AL,Y1CA,USASpending.gov
2,46470615.27,2088,20,209,2,1,0.0,46470615.27,AR,Y1NB,USASpending.gov
1,46387334.52,947,15,94,0,1,0.0,46387334.52,IL,Y1DA,USASpending.gov
1,46237336.47,1946,15,195,0,1,0.0,46237336.47,MD,Y1DA,USASpending.gov
2,46308648.62,1946,20,194,0,0,-0.172,46228983.86,NY,Z1AA,USASpending.gov
2,47414008.19,816,20,80,0,1,-2.5804,46190557.19,CA,Y1NA,USASpending.gov
1,46189093.5,2115,15,211,1,1,0.0,46189093.5,SC,Y1DA,USASpending.gov
2,46307242.61,269,20,30,0,1,-0.5679,46044242.61,CA,Y1LC,USASpending.gov
2,45829697.61,1437,20,143,0,1,0.0,45829697.61,HI,Z1AA,USASpending.gov
1,52530892.0,1227,17,123,0,1,-12.96,45722892.0,TX,Y1DB,USASpending.gov
2,45713569.83,1218,20,125,0,1,0.0,45713569.83,CA,Y1LB,USASpending.gov
1,45358260.68,988,15,99,0,1,0.0,45358260.68,IN,Y1DA,USASpending.gov
1,45312359.52,2300,15,228,0,1,-0.1615,45239170.21,FL,Y1KA,USASpending.gov
1,45105510.6,2561,15,254,0,1,0.0,45105510.6,WA,Y1DA,USASpending.gov
2,87634217.73,1460,20,150,1,0,-20.0,44802028.47,DC,Z1AA,USASpending.gov
1,44771420.45,875,14,86,0,1,0.0,44771420.45,,Y1AA,USASpending.gov
1,44711234.0,1678,14,165,0,1,0.0,44711234.0,CA,Y1DA,USASpending.gov
0,44651100.66,1532,29,153,0,1,0.0,44651100.66,,Y1CA,USASpending.gov
2,44450172.5,640,20,65,2,1,0.0,44450172.5,WY,Y1LB,USASpending.gov
1,44591580.44,1422,14,140,0,1,-0.4649,44384256.44,NY,Y1DB,USASpending.gov
0,44136764.0,1472,29,145,0,1,0.0,44136764.0,NC,Y1CA,USASpending.gov
1,44051857.94,1829,14,181,0,1,0.0,44051857.94,FL,Y1KB,USASpending.gov
2,43793035.07,2522,20,256,0,1,0.0,43793035.07,NY,Y1LB,USASpending.gov
0,43737511.0,1209,29,124,1,1,0.0,43737511.0,VA,Y1CA,USASpending.gov
1,43721655.0,1148,14,117,0,1,0.0,43721655.0,MD,Y1DB,USASpending.gov
1,43686267.0,1997,14,198,0,1,0.0,43686267.0,MA,Y1KB,USASpending.gov
1,43615262.5,924,14,92,0,1,0.0,43615262.5,GA,Y1PD,USASpending.gov
2,43328477.58,946,20,98,2,1,0.0,43328477.58,WY,Y1LB,USASpending.gov
2,42910143.94,828,20,83,1,1,0.0,42910143.94,RI,Y1NB,USASpending.gov
1,42845047.21,1253,14,124,2,1,0.0,42845047.21,MS,Y1DA,USASpending.gov
2,43605807.25,871,20,85,0,1,-1.9898,42738153.59,MD,Z1AA,USASpending.gov
2,126602260.14,1277,25,128,0,0,-20.0,42688897.15,IL,Z1AA,USASpending.gov
2,42352352.98,2016,20,202,1,1,0.0,42352352.98,DC,Z1AA,USASpending.gov
2,42182704.86,1675,20,165,0,1,0.0,42182704.86,CA,Y1JB,USASpending.gov
1,41990020.66,1119,13,110,0,1,0.0,41990020.66,CA,Y1AA,USASpending.gov
1,41839832.98,1544,13,152,1,1,0.0,41839832.98,WI,Y1DA,USASpending.gov
1,41798129.87,1171,13,120,1,1,0.0,41798129.87,IA,Y1DA,USASpending.gov
1,41706878.95,1591,13,160,0,1,0.0,41706878.95,,Y1AA,USASpending.gov
2,41646219.76,1211,20,123,0,1,0.0,41646219.76,CA,Y1LB,USASpending.gov
2,41511546.0,890,20,91,2,1,0.0,41511546.0,ND,Y1LB,USASpending.gov
2,41446904.0,585,20,58,0,1,0.0,41446904.0,HI,Y1LB,USASpending.gov
2,52373824.46,2098,20,213,1,1,-20.0,41115203.55,DC,Z1AA,USASpending.gov
2,41115000.0,1447,20,142,1,1,0.0,41115000.0,PR,Y1LB,USASpending.gov
1,41081887.0,1991,13,197,1,1,0.0,41081887.0,OR,Y1KA,USASpending.gov
2,41849006.99,1264,20,126,0,1,-2.0192,41003981.39,OH,Y1HB,USASpending.gov
0,41684748.05,1045,27,104,0,1,-1.6891,40980648.05,GA,Y1CA,USASpending.gov
2,40834161.48,771,20,77,2,1,0.0,40834161.48,AK,Y1LB,USASpending.gov
1,40792354.0,931,13,94,1,1,-0.2011,40710322.0,VA,Y1AA,USASpending.gov
0,40623071.57,2068,27,209,1,1,0.0,40623071.57,SC,Y1CA,USASpending.gov
2,40235169.13,565,20,54,1,1,0.0,40235169.13,OK,Y1LB,USASpending.gov
1,40227799.1,919,13,92,0,1,0.0,40227799.1,NC,Y1AA,USASpending.gov
1,40201179.74,1458,13,145,0,1,0.0,40201179.74,TX,Y1DA,USASpending.gov
1,39877308.37,2516,13,249,0,1,0.0,39877308.37,FL,Y1KA,USASpending.gov
1,39818752.05,1259,13,126,0,1,0.0,39818752.05,MO,Y1DA,USASpending.gov
1,39497706.65,825,13,85,0,1,0.0,39497706.65,TX,Y1KA,USASpending.gov
1,39454595.81,805,13,81,0,1,0.0,39454595.81,NJ,Y1KA,USASpending.gov
2,39321248.41,980,20,101,2,1,0.0,39321248.41,AK,Y1NB,USASpending.gov
1,40076875.0,997,13,99,0,1,-2.3329,39141925.0,CA,Y1DB,USASpending.gov
1,39063966.35,1449,13,147,0,1,0.0,39063966.35,,Y1AA,USASpending.gov
1,39525537.09,1100,13,108,0,1,-1.7457,38835537.09,,Y1AA,USASpending.gov
2,38978353.23,1276,20,127,1,1,-1.0843,38555728.23,LA,Y1LB,USASpending.gov
1,38838191.0,1155,12,113,0,1,-1.5552,38234191.0,FL,Y1AB,USASpending.gov
2,41932974.9,626,20,64,0,1,-8.9691,38171974.9,CA,Y1LB,USASpending.gov
2,38097176.66,1315,20,130,0,1,0.0,38097176.66,CO,Y1LB,USASpending.gov
1,38064000.0,984,12,101,0,1,0.0,38064000.0,MO,Y1DA,USASpending.gov
1,39200077.17,2120,13,211,0,1,-3.3617,37882277.17,TX,Y1AA,USASpending.gov
1,37857532.26,1609,12,159,0,1,0.0,37857532.26,IL,Y1KA,USASpending.gov
2,37770706.5,1267,20,129,0,1,0.0,37770706.5,NY,Y1LC,USASpending.gov
2,37689772.53,814,20,81,2,1,0.0,37689772.53,WY,Y1LB,USASpending.gov
2,37573800.11,1519,20,153,0,1,0.0,37573800.11,HI,Y1LB,USASpending.gov
1,37479460.0,821,12,80,0,1,0.0,37479460.0,MD,Y1DB,USASpending.gov
0,38429688.42,944,25,95,0,1,-2.5683,37442688.42,MA,Y1CA,USASpending.gov
2,37327983.0,1228,20,120,0,1,0.0,37327983.0,NC,Y1NB,USASpending.gov
2,38178027.0,1451,20,146,0,1,-2.6324,37173027.0,OH,Y1HB,USASpending.gov
1,37111021.05,931,12,91,0,1,0.0,37111021.05,CA,Y1PD,USASpending.gov
1,36955087.65,1929,12,195,0,1,0.0,36955087.65,FL,Y1KA,USASpending.gov
1,36840305.8,1719,12,173,2,1,0.0,36840305.8,AL,Y1AA,USASpending.gov
2,36722866.77,828,20,83,0,1,0.0,36722866.77,CA,Y1LC,USASpending.gov
1,36683848.0,1245,12,128,0,1,0.0,36683848.0,MD,Y1AA,USASpending.gov
2,36666729.63,810,20,81,0,1,0.0,36666729.63,WA,Y1LB,USASpending.gov
1,36371031.53,759,12,73,1,1,0.0,36371031.53,NE,Y1DA,USASpending.gov
1,36353392.7,1167,12,114,0,1,0.0,36353392.7,,Y1AA,USASpending.gov
0,36818547.29,2439,24,244,0,1,-1.4608,36280718.29,MA,Y1CA,USASpending.gov
2,36277467.0,900,20,90,0,1,0.0,36277467.0,PA,Z1AA,USASpending.gov
2,43259438.62,2860,20,286,1,1,-16.1716,36263683.48,NH,Z1AA,USASpending.gov
0,36161861.0,694,24,72,2,1,0.0,36161861.0,KY,Y1CA,USASpending.gov
1,36114801.87,1320,12,136,0,1,0.0,36114801.87,,Y1AA,USASpending.gov
1,36310638.74,1393,12,142,0,1,-0.617,36086604.97,FL,Y1KA,USASpending.gov
1,37989274.04,1132,12,116,0,1,-5.0541,36069274.04,,Y1AA,USASpending.gov
1,35780935.06,902,11,93,1,1,0.0,35780935.06,VA,Y1AA,USASpending.gov
2,52816501.61,2860,20,289,1,1,-20.0,35592232.07,DC,Z1AA,USASpending.gov
1,35554917.09,1879,11,190,0,1,0.0,35554917.09,FL,Y1KB,USASpending.gov
1,36041531.0,1292,12,131,0,1,-1.3901,35540531.0,CO,Y1AA,USASpending.gov
1,35345467.51,1505,11,150,1,1,0.0,35345467.51,VA,Y1AA,USASpending.gov
1,39450518.92,827,13,85,0,1,-10.8465,35171518.92,WA,Y1AA,USASpending.gov
2,34801112.98,1070,20,107,0,1,0.0,34801112.98,CA,Y1LB,USASpending.gov
2,34733561.94,2283,20,228,0,1,0.0,34733561.94,NY,Y1NB,USASpending.gov
1,34670407.0,881,11,87,1,1,0.0,34670407.0,DC,Y1AA,USASpending.gov
0,34468711.82,827,22,84,0,1,0.0,34468711.82,,Y1CA,USASpending.gov
2,95984326.55,1095,20,112,0,0,-20.0,34422230.36,NY,Z1AA,USASpending.gov
1,34327283.93,1084,11,106,0,1,0.0,34327283.93,MD,Y1AA,USASpending.gov
1,34199505.89,910,11,92,0,1,0.0,34199505.89,MD,Y1AA,USASpending.gov
2,34126688.76,833,20,87,0,1,0.0,34126688.76,,Y1NA,USASpending.gov
2,34024864.94,332,20,31,0,1,0.0,34024864.94,HI,Y1LB,USASpending.gov
2,92682582.09,2525,20,254,0,0,-20.0,33994781.76,MD,Z1AA,USASpending.gov
1,34969904.13,861,11,87,0,1,-2.8298,33980329.13,TN,Y1KA,USASpending.gov
2,33964645.28,1306,20,132,2,1,0.0,33964645.28,WY,Y1LB,USASpending.gov
2,33931630.16,933,20,93,0,1,0.0,33931630.16,TX,Y1LB,USASpending.gov
0,33860684.62,1367,22,137,0,1,0.0,33860684.62,GA,Y1CA,USASpending.gov
1,33819700.39,870,11,87,0,1,0.0,33819700.39,NY,Y1AA,USASpending.gov
1,33666330.0,1338,11,131,0,1,0.0,33666330.0,WA,Y1DA,USASpending.gov
1,33707387.56,1265,11,124,0,1,-0.1483,33657387.56,TX,Y1KB,USASpending.gov
1,33589888.28,1247,11,125,0,1,0.0,33589888.28,,Y1AA,USASpending.gov
0,33572762.48,1403,22,141,0,1,0.0,33572762.48,,Y1CA,USASpending.gov
1,33617472.1,3380,11,341,0,1,-0.2775,33524169.0,,Y1AA,USASpending.gov
1,34378665.88,666,11,68,0,1,-2.6176,33478765.88,NJ,Y1AA,USASpending.gov
1,37214400.0,1096,12,112,0,1,-10.0633,33469400.0,MO,Y1AA,USASpending.gov
1,33210489.27,1467,11,148,2,1,0.0,33210489.27,AR,Y1DB,USASpending.gov
2,33175738.0,1110,20,114,0,1,0.0,33175738.0,PA,Z1AA,USASpending.gov
1,35450809.0,2632,11,263,1,1,-6.5976,33111924.0,VA,Y1AA,USASpending.gov
0,33068283.0,988,22,99,0,1,0.0,33068283.0,NC,Y1CA,USASpending.gov
2,33061230.61,1199,20,117,0,1,0.0,33061230.61,TN,Y1LB,USASpending.gov
0,32997525.59,2858,21,287,0,1,-0.0939,32966525.59,,Y1CA,USASpending.gov
2,32960264.98,553,20,57,0,1,-0.0,32960264.67,,Y1LB,USASpending.gov
2,32930138.74,1010,20,99,1,1,0.0,32930138.74,NV,Y1NA,USASpending.gov
1,32797095.0,931,10,96,1,1,-0.0646,32775923.0,NH,Y1DB,USASpending.gov
1,32759566.92,1401,10,142,0,1,0.0,32759566.92,,Y1AA,USASpending.gov
2,38633482.88,1826,20,186,1,1,-15.5633,32620840.4,DC,Z1AA,USASpending.gov
2,32584321.76,1050,20,105,0,1,0.0,32584321.76,MD,Y1NA,USASpending.gov
0,40122344.51,1177,26,118,0,1,-18.8285,32567928.51,,Y1CA,USASpending.gov
2,32532412.46,1186,20,116,1,1,0.0,32532412.46,OK,Y1NA,USASpending.gov
2,35459048576.0,994,500,100,0,1,-20.0,32378358.26,,Y1HC,USASpending.gov
2,32359172.9,390,20,43,0,1,0.0,32359172.9,CA,Y1LC,USASpending.gov
1,32128671.0,2063,10,208,1,1,0.0,32128671.0,UT,Y1DB,USASpending.gov
1,32006590.0,1261,10,128,0,1,0.0,32006590.0,MD,Y1DA,USASpending.gov
1,31746747.31,1389,10,142,0,1,0.0,31746747.31,NC,Y1DB,USASpending.gov
1,31658561.08,899,10,87,1,1,0.0,31658561.08,NV,Y1KB,USASpending.gov
1,31397378.01,1336,10,133,0,1,0.0,31397378.01,,Y1AA,USASpending.gov
2,31293341.36,612,20,60,0,1,0.0,31293341.36,CA,Y1LB,USASpending.gov
2,31218111.42,958,20,93,0,1,-0.048,31203111.42,CA,Y1LC,USASpending.gov
0,32062887.65,1136,21,112,0,1,-2.891,31135934.76,,Y1CA,USASpending.gov
1,31009423.0,1020,10,106,1,1,0.0,31009423.0,VA,Y1AA,USASpending.gov
2,30961711.66,676,20,70,0,1,0.0,30961711.66,CA,Y1LB,USASpending.gov
1,30940322.0,1247,10,123,2,1,0.0,30940322.0,AL,Y1AA,USASpending.gov
0,30904004.03,1586,20,158,0,1,0.0,30904004.03,,Y1CA,USASpending.gov
1,30827126.0,1022,10,105,1,1,0.0,30827126.0,DC,Y1AA,USASpending.gov
1,30743932.0,1322,10,131,0,1,0.0,30743932.0,HI,Y1AA,USASpending.gov
2,49708453.91,1460,20,150,0,0,-20.0,30668134.52,NY,Z1AA,USASpending.gov
2,30580165.9,1317,20,134,0,1,0.0,30580165.9,WA,Y1LB,USASpending.gov
1,30566458.45,2165,10,220,2,1,0.0,30566458.45,WY,Y1AA,USASpending.gov
0,30557944.86,895,20,88,0,1,-0.6313,30365039.85,,Y1CA,USASpending.gov
2,30562195.47,881,20,92,0,1,-0.6819,30353797.47,CA,Y1LC,USASpending.gov
2,30239585.3,1175,20,117,0,1,0.0,30239585.3,CA,Y1NA,USASpending.gov
2,30231391.67,799,20,78,0,1,0.0,30231391.67,CA,Y1LB,USASpending.gov
1,30188936.89,1161,10,115,0,1,0.0,30188936.89,NY,Y1PD,USASpending.gov
2,36254690.15,1976,20,196,1,1,-16.7552,30180130.14,VA,Z1AA,USASpending.gov
1,30101189.0,1036,10,101,0,1,0.0,30101189.0,AZ,Y1DB,USASpending.gov
2,30031973.11,1072,20,105,2,1,0.0,30031973.11,KY,Y1HA,USASpending.gov
1,29836882.53,969,10,94,0,1,0.0,29836882.53,GA,Y1DB,USASpending.gov
1,31414321.1,828,10,82,1,1,-5.0288,29834565.1,OK,Y1KA,USASpending.gov
2,29698621.5,1833,20,186,0,1,0.0,29698621.5,NC,Y1LB,USASpending.gov
1,29685080.22,1286,10,132,0,1,0.0,29685080.22,TX,Y1AA,USASpending.gov
1,29638136.13,990,10,101,0,1,0.0,29638136.13,,Y1AA,USASpending.gov
1,29416594.77,938,10,92,0,1,0.0,29416594.77,CA,Y1DB,USASpending.gov
1,31297422553.64,1327,500,136,0,1,-20.0,29384663.08,,Y1AA,USASpending.gov
1,29348727.0,1597,10,158,1,1,0.0,29348727.0,VA,Y1AA,USASpending.gov
2,29229446.58,523,20,52,1,1,0.0,29229446.58,VA,Z1AA,USASpending.gov
1,29130329.0,720,10,71,0,1,0.0,29130329.0,WA,Y1AA,USASpending.gov
2,29114436.8,623,20,60,0,1,0.0,29114436.8,NY,Y1LB,USASpending.gov
2,29034338.46,1127,20,114,1,1,0.0,29034338.46,VA,Z1AA,USASpending.gov
1,29032930.83,822,10,83,2,1,0.0,29032930.83,SD,Y1DA,USASpending.gov
1,28996199.62,724,10,71,0,1,0.0,28996199.62,,Y1AA,USASpending.gov
2,28933566.07,760,20,80,2,1,0.0,28933566.07,NM,Y1LB,USASpending.gov
2,28932013.37,2160,20,214,2,1,0.0,28932013.37,WV,Z1AA,USASpending.gov
1,28878723.95,1726,10,173,0,1,0.0,28878723.95,NC,Y1DA,USASpending.gov
1,28694783.0,1397,10,141,0,1,0.0,28694783.0,CA,Y1DA,USASpending.gov
2,28680061.86,2090,20,210,0,1,0.0,28680061.86,NC,Y1LB,USASpending.gov
2,28668392.45,1081,20,106,0,1,0.0,28668392.45,CA,Z1AA,USASpending.gov
1,28656581.78,1838,10,186,1,1,0.0,28656581.78,GU,Y1AA,USASpending.gov
2,28625800.35,998,20,102,0,1,0.0,28625800.35,,Y1NA,USASpending.gov
1,28624289.22,1445,10,145,0,1,-0.0,28624289.21,,Y1AA,USASpending.gov
2,28567647.7,869,20,86,0,1,0.0,28567647.7,TN,Y1LB,USASpending.gov
2,28423371.0,1855,20,189,1,1,0.0,28423371.0,DC,Y1NB,USASpending.gov
2,28321972.79,967,20,100,0,1,0.0,28321972.79,CA,Y1NA,USASpending.gov
2,28965028.88,1830,20,184,1,1,-2.5727,28219843.41,SC,Z1AA,USASpending.gov
2,28195402.69,828,20,81,0,1,0.0,28195402.69,CO,Y1LB,USASpending.gov
1,28190000.0,700,10,69,1,1,0.0,28190000.0,LA,Y1DA,USASpending.gov
2,28170809.32,970,20,101,0,1,0.0,28170809.32,MD,Z1AA,USASpending.gov
1,28025936.97,863,10,90,0,1,0.0,28025936.97,NY,Y1KA,USASpending.gov
1,28618607.32,2086,10,211,0,1,-2.0965,28018607.32,FL,Y1KA,USASpending.gov
0,28001030.59,1474,18,147,0,1,0.0,28001030.59,,Y1CA,USASpending.gov
2,28395529.69,2118,20,209,0,1,-1.6061,27939456.69,NY,Z1AA,USASpending.gov
2,27913021.0,723,20,71,0,1,0.0,27913021.0,CA,Z1BA,USASpending.gov
1,27861910.3,1484,10,152,1,1,0.0,27861910.3,NE,Y1KA,USASpending.gov
2,28062983.26,2345,20,237,1,1,-0.7864,27842284.95,DC,Z1AA,USASpending.gov
1,27748093.72,1514,10,153,0,1,0.0,27748093.72,FL,Y1KB,USASpending.gov
1,27740189.58,1422,10,145,2,1,0.0,27740189.58,NM,Y1KB,USASpending.gov
1,27681676.51,1706,10,169,1,1,0.0,27681676.51,OR,Y1DB,USASpending.gov
1,27665717.68,1069,10,105,0,1,0.0,27665717.68,,Y1AA,USASpending.gov
1,27589756.89,918,10,94,0,1,0.0,27589756.89,IL,Y1DA,USASpending.gov
1,27445168.03,1354,10,133,0,1,0.0,27445168.03,,Y1AA,USASpending.gov
1,27383910.0,1041,10,105,1,1,0.0,27383910.0,NE,Y1DA,USASpending.gov
1,27335843.04,1317,10,130,0,1,0.0,27335843.04,,Y1KA,USASpending.gov
0,27313138.97,937,18,96,1,1,0.0,27313138.97,VA,Y1CA,USASpending.gov
